Designator,Val,Package,Mid X,Mid Y,Rotation,Layer
"C1","1u","C_0603_1608Metric",110.288000,-103.125000,0.000000,top
"C2","1u","C_0603_1608Metric",110.288000,-104.625000,0.000000,top
"C3","1u","C_0603_1608Metric",108.006286,-106.885582,90.000000,top
"C4","1u","C_0603_1608Metric",111.000000,-109.125000,180.000000,top
"C5","1u","C_0603_1608Metric",111.025000,-110.625000,180.000000,top
"C6","10n","C_0603_1608Metric",111.288000,-100.625000,90.000000,top
"C7","100n","C_0603_1608Metric",115.288000,-101.375000,180.000000,top
"C8","1n","C_0805_2012Metric",117.538000,-98.125000,-90.000000,top
"C9","100n","C_0805_2012Metric",119.788000,-98.125000,-90.000000,top
"C10","220u","EEHZT1E561UV",116.988000,-88.325000,-90.000000,top
"C11","220n","C_0805_2012Metric",125.250000,-104.750000,-90.000000,top
"C12","220n","C_0805_2012Metric",128.288000,-106.925000,90.000000,top
"C13","220n","C_0805_2012Metric",125.000000,-109.250000,-90.000000,top
"C14","220n","C_0805_2012Metric",127.250000,-112.500000,90.000000,top
"C15","1n","C_0805_2012Metric",124.750000,-116.500000,-90.000000,top
"C16","100n","C_0805_2012Metric",127.000000,-116.500000,-90.000000,top
"C17","220u","EEHZT1E561UV",115.788000,-121.875000,-90.000000,top
"C18","680n","C_1206_3216Metric",144.538000,-97.150000,-90.000000,top
"C19","680n","C_1206_3216Metric",144.538000,-101.900000,-90.000000,top
"C20","1n","C_0603_1608Metric",146.750000,-97.400000,-90.000000,top
"C21","1n","C_0603_1608Metric",146.750000,-101.900000,-90.000000,top
"C22","10n","C_0603_1608Metric",148.500000,-101.900000,-90.000000,top
"C23","10n","C_0603_1608Metric",148.500000,-97.400000,-90.000000,top
"C24","680n","C_1206_3216Metric",144.538000,-115.900000,-90.000000,top
"C25","680n","C_1206_3216Metric",144.538000,-120.650000,-90.000000,top
"C26","1n","C_0603_1608Metric",146.788000,-116.150000,-90.000000,top
"C27","1n","C_0603_1608Metric",146.788000,-120.650000,-90.000000,top
"C28","10n","C_0603_1608Metric",148.538000,-116.125000,-90.000000,top
"C29","10n","C_0603_1608Metric",148.538000,-120.625000,-90.000000,top
"C30","1u","C_0603_1608Metric",97.700000,-116.250000,0.000000,top
"C31","100n","C_0603_1608Metric",97.700000,-117.750000,0.000000,top
"C43","1u","C_0603_1608Metric",105.750000,-93.500000,0.000000,top
"C44","0.1u","C_0603_1608Metric",105.250000,-90.750000,90.000000,top
"C46","22u","C_0805_2012Metric",84.250000,-88.750000,90.000000,top
"C47","22u","C_0805_2012Metric",86.500000,-88.750000,90.000000,top
"C48","22u","C_0805_2012Metric",88.750000,-88.750000,90.000000,top
"C49","22u","C_0805_2012Metric",91.000000,-88.750000,90.000000,top
"C64","100n","C_0603_1608Metric",88.450000,-126.750000,0.000000,top
"CHF1","220n","C_0805_2012Metric",93.500000,-91.291124,90.000000,top
"CIN1","10u","C_1206_3216Metric",90.750000,-93.115000,90.000000,top
"D1","LED","D_0805_2012Metric",92.185217,-105.849055,0.000000,top
"IC2","TPA3116D2DAD","SOP65P810X120-32N",118.500000,-108.500000,0.000000,top
"IC3","BM64SPKS1MC2-0002AA","BM64SPKS1MC20002AA",78.100000,-116.250000,90.000000,top
"IC4","LMR33630ADDA","SOIC127P600X170-9N",98.750000,-92.865000,0.000000,top
"J1","TS-103-T-A","SAMTEC_TS-103-T-A",100.750000,-128.250000,0.000000,top
"J2","1729128","1729128",156.750000,-97.670000,-90.000000,top
"J3","1729128","1729128",157.000000,-116.500000,-90.000000,top
"J4","PJ-102AH","PJ-102AH",76.515075,-98.850000,90.000000,top
"L1","10u","INDPM8479X720N",136.188000,-94.875000,0.000000,top
"L2","10u","INDPM8479X720N",136.288000,-104.125000,180.000000,top
"L3","10u","INDPM8479X720N",136.288000,-113.625000,0.000000,top
"L4","10u","INDPM8479X720N",136.288000,-122.875000,0.000000,top
"L5","IHLP2525CZER6R8M8A","INDPM6965X300N",98.750000,-85.250000,180.000000,top
"R1","100k","R_0603_1608Metric",110.288000,-106.125000,0.000000,top
"R2","20k","R_0603_1608Metric",110.288000,-107.625000,180.000000,top
"R3","100k","R_0603_1608Metric",111.000000,-112.750000,0.000000,top
"R4","100k","R_0603_1608Metric",112.788000,-100.625000,-90.000000,top
"R5","3.3R","R_1206_3216Metric",115.038000,-98.125000,-90.000000,top
"R6","3.3R","R_1206_3216Metric",148.212000,-94.500000,0.000000,top
"R7","3.3R","R_1206_3216Metric",148.212000,-104.900000,180.000000,top
"R8","3.3R","R_1206_3216Metric",148.288000,-113.250000,0.000000,top
"R9","3.3R","R_1206_3216Metric",148.288000,-123.650000,180.000000,top
"R10","10k","R_0603_1608Metric",85.250000,-126.750000,0.000000,top
"R11","10k","R_0603_1608Metric",96.950000,-112.750000,-90.000000,top
"R12","10k","R_0603_1608Metric",86.250000,-105.250000,-90.000000,top
"R13","10k","R_0603_1608Metric",75.591068,-105.327930,-90.000000,top
"R16","330","R_0603_1608Metric",98.450000,-112.750000,-90.000000,top
"R17","100k","R_0603_1608Metric",105.000000,-97.500000,-90.000000,top
"R20","43.2k","R_0603_1608Metric",102.675000,-96.750000,0.000000,top
"TP1","TestPoint","TestPoint_Pad_D2.0mm",101.750000,-113.500000,180.000000,top
"TP2","TestPoint","TestPoint_Pad_D2.0mm",92.250000,-128.000000,180.000000,top
"TP3","TestPoint","TestPoint_Pad_D2.0mm",90.250000,-101.250000,0.000000,top
"TP4","TestPoint","TestPoint_Pad_D2.0mm",101.000000,-104.000000,0.000000,top
