"Designator","Qty","Comment","Footprint","LCSC Part #"
"C1,C2,C3,C4,C5,C30,C43","7","1u","Capacitor_SMD:C_0603_1608Metric","C5199872"
"C6,C22,C23,C28,C29","5","10n","Capacitor_SMD:C_0603_1608Metric","C100042"
"C7,C31,C44,C64","4","100n","Capacitor_SMD:C_0603_1608Metric","C1591"
"C8,C15","2","1n","Capacitor_SMD:C_0805_2012Metric","C46653"
"C9,C16","2","100n","Capacitor_SMD:C_0805_2012Metric","C49678"
"C10,C17","2","220u","EEE-FK1H221GV:EEHZT1E561UV","C116211"
"C11,C12,C13,C14,CHF1","5","220n","Capacitor_SMD:C_0805_2012Metric","C5378"
"C18,C19,C24,C25","4","680n","Capacitor_SMD:C_1206_3216Metric","C1881"
"C20,C21,C26,C27","4","1n","Capacitor_SMD:C_0603_1608Metric","C100040"
"C46,C47,C48,C49","4","22u","Capacitor_SMD:C_0805_2012Metric","C296720"
"CIN1","1","10u","Capacitor_SMD:C_1206_3216Metric","C33546013"
"D1","1","LED","Diode_SMD:D_0805_2012Metric","C19171391"
"IC2","1","TPA3116D2DAD","TPA3116D2DAD:SOP65P810X120-32N","C50144"
"IC3","1","BM64SPKS1MC2-0002AA","BM64SPKS1MC20002AA",""
"IC4","1","LMR33630ADDA","SOIC127P600X170-9N","C841384"
"J1","1","TS-103-T-A","TS_103_T_A:SAMTEC_TS-103-T-A",""
"J2,J3","2","1729128","1729128",""
"J4","1","PJ-102AH","PJ-102AH",""
"L1,L2,L3,L4","4","10u","7443341000:INDPM8479X720N",""
"L5","1","IHLP2525CZER6R8M8A","IHLP2525CZER6R8M8A:INDPM6965X300N","C47327331"
"R1,R3,R4,R17","4","100k","Resistor_SMD:R_0603_1608Metric","C2907088"
"R2","1","20k","Resistor_SMD:R_0603_1608Metric","C25586"
"R5,R6,R7,R8,R9","5","3.3R","Resistor_SMD:R_1206_3216Metric","C2907471"
"R10,R11,R12,R13","4","10k","Resistor_SMD:R_0603_1608Metric","C2930027"
"R16","1","330","Resistor_SMD:R_0603_1608Metric","C25231"
"R20","1","43.2k","Resistor_SMD:R_0603_1608Metric","C2907170"
"TP1,TP2,TP3,TP4","4","TestPoint","TestPoint:TestPoint_Pad_D2.0mm",""
